{
  "m7.2_project": {
    "status": "in-progress",
    "type": "project",
    "timestamp": "2025-12-09T16:55:23.337Z"
  },
  "m1.3": {
    "status": "in-progress",
    "type": "module",
    "timestamp": "2025-12-09T17:00:50.426Z"
  },
  "m1.1_project": {
    "status": "in-progress",
    "type": "project",
    "timestamp": "2025-12-09T17:01:09.012Z"
  },
  "m1.2": {
    "status": "pending",
    "type": "module",
    "timestamp": "2025-12-09T17:10:12.339Z"
  },
  "m1.1-topic-0": {
    "status": "completed",
    "type": "topic",
    "timestamp": "2025-12-18T16:07:32.188Z"
  }
}